{
	"0":[-33.890542,151.274856],
	"1":[-33.923036,151.259052],
	"2":[-34.028249,151.157507],
	"3":[-33.80010128657071,151.28747820854187],
	"4":[-33.950198,151.259302],
	"5":[-33.65921007223412,151.3078308105468],
	"6":[-33.70377775573252,151.22680664062506],
	"7":[-33.76887356202169,151.2474060058593],
	"8":[-33.72776616734188,151.13067626953125],
	"9":[-33.63405913759068,151.20483398437494],
	"10":[-33.73347670599253,150.9782409667969],
	"11":[-33.784854448488915,151.1100769042968],
	"12":[-33.87155578708147,151.072998046875],
	"13":[-33.854450645803894,150.94253540039057],
	"14":[-33.92626920481364,150.85327148437506],
	"15":[-33.98664113654012,150.94528198242193],
	"16":[-34.01510358992117,151.07162475585943],
	"17":[-33.88751749360169,151.2322998046875],
	"18":[-34.107256396631186,151.06475830078125],
	"19":[-34.13113150278439,150.93292236328125],
	"20":[-34.03559064991931,150.8258056640625]
}